uegkblanlspkmwyloyw,1,hdrksmdv,117963826,iwd,fac
fnqhbwkvyjqqd,2,zcchqaelzqjub,176600781,hc,fac
tvf,3,rpuqwtydeegcnhv,657351526,mth,fac
yvwob,4,s,433348119,ce,fac
xnkovjytaciqokb,5,tcjidxfli,549278235,cse,fac
bpkcbcaisjxqktvk,6,pxhmmmejzladstkcuamy,309306607,ae,fac
hsrtgwinjifw,7,vvihqgfrtlecrdo,916758727,bsbe,fac
fobpkdsfdwhecspn,8,vpzpnq,748212888,ce,fac
sywkgralocmj,9,ijsdzpwcfzbejuylisj,767569671,ime,fac
lbrv,10,vizabpexzmnnivwtnahq,870853094,ee,fac
skzuj,11,cetaetbqf,915021282,bsbe,fac
gndztxkjtsnzikgu,12,dwxztjhqiiaqa,917564965,mth,fac
aoaaijnehpyxb,13,vkydxvtttoyu,787549753,bsbe,fac
nfyhatkwlmbldbgkbj,14,jdzhvmncsghmxne,514904037,ae,fac
gbgavexg,15,hdorccnffbhs,657077920,cse,fac
hvtcqidymkohqvzv,16,wmgyrc,556517185,iwd,fac
qhhjdzuhdbcv,17,fhwj,211663258,lhc,fac
kuxwdeypunhvegeyejr,18,vjvcwmviplwriwcxfndb,826178397,eco,fac
ssfakaxxbje,19,lxalltakfnrbnm,293403231,ncl,fac
jnpeffwhletm,20,dudtqwcnyv,546469628,mth,fac
tyzyxjdjaqldfklepz,21,fbtmzn,499546539,hc,fac
qnemgjhaecmhsnvej,22,sd,385239721,ncl,fac
yvtrffbxirbs,23,tlmflygbuubfsardbcs,179413084,media,fac
lhivgwvnvshztc,24,wbsgymdxvfqxxwjoszml,813482198,me,fac
ob,25,tzcoqrhfq,159925641,cse,fac
fhetztwrcclwnctjlp,26,zhxcwihs,503555162,ee,fac
rlmemggsu,27,tamsysdsxxwdn,188237027,cc,fac
jmlurfaulwchntxjexu,28,jlfsjqbpqqbwslmzzb,441087113,hc,fac
jrpqbvbiwatvlqji,29,txqfjhslwapmey,823018316,eco,fac
vimdvyyrupvsdnybr,30,uzq,614415581,ime,fac
yzziuf,31,beyymovcwwoeycwcwy,585671501,ime,fac
cfebiivqilqtyaeree,32,cjbhhjo,439979329,ime,fac
pxhfh,33,tujfaznqdvc,733901027,ncl,fac
oswiivlbeoeifixol,34,uefpslumayxcy,824035963,ee,fac
hdhz,35,wpjjvgfwoxslzfr,144188853,lhc,fac
vqibun,36,qmqea,806097592,iwd,fac
qgotnigius,37,qialwevmspymzufjh,797724070,lhc,fac
jg,38,qmbuhktauyyatksn,814291648,ce,fac
mxqdtpacpdhpknbayswu,39,ycinqlkb,532073979,ee,fac
vpicvqrvdmkzztggt,40,oetqhzhfonmrkmvpw,348857466,media,fac
yvhumnxruymzx,41,xrsndwvyphkejj,601120955,mse,fac
kpgoye,42,qirrtwxmb,446513170,bsbe,fac
awgbgviyuwqcrxdgumey,43,ibdtdlbp,691062865,ime,fac
hs,44,d,378277976,media,fac
gaej,45,vzarzzublgcy,757070836,me,fac
vmlkd,46,sgnawm,332037939,cse,fac
t,47,kguxqar,226904169,cse,fac
jbrcmizupqipdipe,48,qvw,620468100,cc,fac
pzlweoxkigqpsp,49,qbzkqjbumflhykj,985704985,lhc,fac
isqmb,50,bxtelq,703906824,lhc,fac
wcpajy,51,henwbwo,633698871,ime,staff
tydcyoxtrlmcscuufohf,52,bormngnsktwxis,866865104,mth,staff
qda,53,chvippwfttc,789509807,bsbe,staff
htz,54,isdmzeivajp,174010639,eco,staff
yz,55,teyjdqw,458745981,mth,staff
mjfrvekb,56,obvwbfyhbi,802060741,iwd,staff
dmupkajgwr,57,kmggwlvkuzoozkyffgbu,246771866,me,staff
ikqfqshwdfy,58,lhwnldnkw,245357098,cse,staff
dirrorodola,59,efjhcm,842034728,hc,staff
dfftxnh,60,wxeuwtqhtkr,301477779,eco,staff
xvevetpezm,61,ozaifxrynmsq,293122703,media,staff
wqgjsli,62,yvzewrhj,623792764,ae,staff
sium,63,fcdynnv,271262261,hc,staff
rngkmmbgwspqoqavdvj,64,nytvwowibxudptrv,482490695,mse,staff
prvquslhyxl,65,cpeovkuijfkzm,257021558,ee,staff
dvvcjvclvnmzkqmfaal,66,vjtwfoqfenhz,347068061,mth,staff
qwzrulkzohcknvspkzjy,67,wbeukvspnhuyzmg,988503997,lhc,staff
xylsdwalk,68,tokanoz,706683640,ce,staff
wclvmqegpkagxql,69,tqrhomvfxsgrupxstjo,946213945,bsbe,staff
lhnhdhbrzg,70,tfkcactzdaxwhjx,430611407,lhc,staff
rzpqscxwwkqwd,71,blxtzjp,596883560,eco,staff
vcidknxw,72,t,254757493,mse,staff
iazurtqckfmgqlujfi,73,isfibjgtv,814176123,iwd,staff
heeaxbzoceqqwcrn,74,cdcrrxhzdjbyqnmdh,363278171,cc,staff
cweowje,75,j,573020672,mse,staff
xr,76,zcxxlnvlbncxgvz,668862882,ncl,staff
srrrdrb,77,x,283862476,ae,staff
vctm,78,vqyupnte,656802696,me,staff
enasjbxm,79,guimtzosdvhmdp,616056008,lhc,staff
gchn,80,kxtsduipcj,219666691,ncl,staff
hq,81,juorsexfiidmthdqftij,533471809,media,staff
editmlzycaocqnn,82,usmwialrmsic,589216853,ee,staff
uinxpuoehcbk,83,gbdb,163127743,ae,staff
o,84,zzztzrdhdtise,367578957,iwd,staff
uqljqkg,85,uuwbxpnlefg,152224744,lhc,staff
wmprifkyujsilezphmz,86,tubhvnp,791212752,ime,staff
nbcbnnxcjiysawr,87,pddeudobdb,806473451,ime,staff
dc,88,zcjxhoou,268374866,eco,staff
ujfsnbeuoq,89,fejxhtisreynvvdf,232485655,mth,staff
vuisjzznhicbftfwcfen,90,k,715429734,hc,staff
unykhbuzdbvgslr,91,eosowilwdxghspier,610022505,ee,staff
kzfbk,92,qngxg,553114679,eco,staff
goiknowzipxlciyb,93,vtwbcyzinlpuzverixd,521532257,media,staff
vpm,94,bevxl,508627553,media,staff
jlddezx,95,grzmgpw,662725721,mth,staff
pxvgrmnpodqwkudwnkv,96,qdairemuwzfvzzbten,598641226,iwd,staff
gzunc,97,rxbsngekxcv,128593166,ime,staff
zsfjgho,98,ajnxxrdfr,894637238,iwd,staff
jxhmlodlibfrvalaqn,99,euqdg,300725115,ncl,staff
ifijbskgh,100,fkieyoucfnsskoe,926770393,lhc,staff
